Workbook

Sheet Summary
A1: EC2 Rightsizing Decisions, Oct 19, 2026
A2: 29 Windows ASGs flagged by FinOps across dev, test and prod; all are r6i.xlarge today. 'Approve' is a recommendation; nothing has been changed in AWS.
A4: Environment | B4: ASGs | C4: Approve | D4: Team decision | E4: Keep r6i.xlarge | F4: FinOps claimed ($/mo) | G4: Savings if approved ($/mo) | H4: More if team agrees ($/mo)
A5: Dev | B5: =COUNTIFS('All ASGs'!$A:$A,$A5) | C5: =COUNTIFS('All ASGs'!$A:$A,$A5,'All ASGs'!$G:$G,"Approve") | D5: =COUNTIFS('All ASGs'!$A:$A,$A5,'All ASGs'!$G:$G,"Team decision") | E5: =COUNTIFS('All ASGs'!$A:$A,$A5,'All ASGs'!$G:$G,"Keep r6i.xlarge") | F5: =SUMIFS('All ASGs'!$F:$F,'All ASGs'!$A:$A,$A5) | G5: =SUMIFS('All ASGs'!$I:$I,'All ASGs'!$A:$A,$A5,'All ASGs'!$G:$G,"Approve") | H5: =SUMIFS('All ASGs'!$I:$I,'All ASGs'!$A:$A,$A5,'All ASGs'!$G:$G,"Team decision")
A6: Test | B6: =COUNTIFS('All ASGs'!$A:$A,$A6) | C6: =COUNTIFS('All ASGs'!$A:$A,$A6,'All ASGs'!$G:$G,"Approve") | D6: =COUNTIFS('All ASGs'!$A:$A,$A6,'All ASGs'!$G:$G,"Team decision") | E6: =COUNTIFS('All ASGs'!$A:$A,$A6,'All ASGs'!$G:$G,"Keep r6i.xlarge") | F6: =SUMIFS('All ASGs'!$F:$F,'All ASGs'!$A:$A,$A6) | G6: =SUMIFS('All ASGs'!$I:$I,'All ASGs'!$A:$A,$A6,'All ASGs'!$G:$G,"Approve") | H6: =SUMIFS('All ASGs'!$I:$I,'All ASGs'!$A:$A,$A6,'All ASGs'!$G:$G,"Team decision")
A7: Prod | B7: =COUNTIFS('All ASGs'!$A:$A,$A7) | C7: =COUNTIFS('All ASGs'!$A:$A,$A7,'All ASGs'!$G:$G,"Approve") | D7: =COUNTIFS('All ASGs'!$A:$A,$A7,'All ASGs'!$G:$G,"Team decision") | E7: =COUNTIFS('All ASGs'!$A:$A,$A7,'All ASGs'!$G:$G,"Keep r6i.xlarge") | F7: =SUMIFS('All ASGs'!$F:$F,'All ASGs'!$A:$A,$A7) | G7: =SUMIFS('All ASGs'!$I:$I,'All ASGs'!$A:$A,$A7,'All ASGs'!$G:$G,"Approve") | H7: =SUMIFS('All ASGs'!$I:$I,'All ASGs'!$A:$A,$A7,'All ASGs'!$G:$G,"Team decision")
A8: Total | B8: =SUM(B5:B7) | C8: =SUM(C5:C7) | D8: =SUM(D5:D7) | E8: =SUM(E5:E7) | F8: =SUM(F5:F7) | G8: =SUM(G5:G7) | H8: =SUM(H5:H7)
A10: Updated Oct 19: prod prd-elements-batch and rel-facets-task moved from Keep to Team decision. Their large network peaks happened in one week only.
A11: The 5 ASGs kept on r6i.xlarge have heavy network, memory or CPU every week, not just once.
A12: 'Review' tab: every ASG with weekly CPU peaks, usage on the smaller size and the verdict. 'All ASGs': decisions and savings. 'Spike Check': the CPU-spike ASGs.

Sheet Review
A1: Environment | B1: ASG | C1: Weekly CPU peaks (4 weeks) | D1: Weekly memory peaks (4 weeks, % of today's 32 GiB) | E1: Weekly network peaks (4 weeks, Mbps) | F1: Size checked | G1: CPU on that size | H1: Memory on that size | I1: Network (busiest week, % of that size's limit) | J1: Verdict
A2: Dev | B2: usmg-cdv-facets-batch-controller | C2: 24, 41, 22, 32% | D2: 16, 17, 17, 18% | E2: 7, 21, 8, 10 | F2: m7i-flex.large | G2: 43–81% | H2: 66–72% | I2: max 21 Mbps (5%) | J2: ✅ Safe, m7i-flex.large (~$97/mo). Fits every limit; memory is the closest (up to 72%), so watch it for 2 weeks after the change.
A3: Dev | B3: usmg-cdv-elements-batch-controller | C3: 28, 28, 28, 28% | D3: 11, 12, 12, 12% | E3: 7, 16, 9, 7 | F3: m7i-flex.large | G3: 55–57% | H3: 46–47% | I3: max 16 Mbps (4%) | J3: ✅ Safe, m7i-flex.large (~$95/mo). Well under every limit.
A4: Dev | B4: usmg-dst-elements-batch-controller | C4: 27, 23, 19, 71% | D4: 11, 11, 11, 14% | E4: 7, 21, 8, 50 | F4: m7i-flex.large | G4: 38–54% (142% in one week) | H4: 44–55% | I4: max 50 Mbps (13%) | J4: ✅ Safe, m7i-flex.large (~$94/mo). The high CPU peak happened in one week only.
A5: Dev | B5: usmg-dev-elements-batch-controller | C5: 29, 23, 23, 47% | D5: 20, 20, 18, 21% | E5: 33, 25, 10, 35 | F5: r6i.large | G5: 45–57% (95% in one week) | H5: 36–42% | I5: max 35 Mbps (4%) | J5: ✅ Safe, r6i.large (~$93/mo). m7i-flex.large would reach 84% memory, so r6i.large instead.
A6: Dev | B6: usmg-dev-elements-task-controller | C6: 30, 73, 28, 27% | D6: 19, 20, 19, 20% | E6: 21, 59, 26, 10 | F6: r6i.large | G6: 55–60% (146% in one week) | H6: 37–41% | I6: max 59 Mbps (8%) | J6: ✅ Safe, r6i.large (~$93/mo). The high CPU peak happened in one week only.
A7: Dev | B7: usmg-cdv-elements-task-controller | C7: 31, 33, 24, 27% | D7: 15, 21, 15, 15% | E7: 20, 40, 10, 8 | F7: r6i.large | G7: 48–67% | H7: 31–42% | I7: max 40 Mbps (5%) | J7: ✅ Safe, r6i.large (~$91/mo). m7i-flex.large would reach 83% memory, so r6i.large instead.
A8: Dev | B8: usmg-dev-facets-task-controller | C8: 58, 34, 31, 34% | D8: 16, 19, 20, 20% | E8: 373, 34, 35, 35 | F8: r6i.large | G8: 62–69% (116% in one week) | H8: 31–41% | I8: 373 Mbps in one week only (48%); other weeks 34–35 Mbps | J8: ✅ Safe, r6i.large (~$91/mo). CPU and network peaks were both in one week only. Not m7i-flex.large: that network peak is 96% of its limit.
A9: Dev | B9: usmg-cdv-facets-task-controller | C9: 36, 30, 44, 27% | D9: 16, 18, 20, 20% | E9: 36, 49, 35, 35 | F9: r6i.large | G9: 54–88% | H9: 32–39% | I9: max 49 Mbps (6%) | J9: ✅ Safe, r6i.large (~$78/mo). m7i-flex.large would reach 79% memory, so r6i.large instead.
A10: Dev | B10: usmg-dst-elements-task-controller | C10: 66, 37, 30, 63% | D10: 26, 30, 19, 19% | E10: 171, 43, 8, 49 | F10: r6i.large | G10: 61–131% | H10: 37–59% | I10: 171 Mbps in one week only (22%); other weeks 8–49 Mbps | J10: ⚠️ Team decision, r6i.large (~$81/mo). CPU peaks come back (2 of 4 weeks) and would max out the smaller size. Ask: can that job run slower for a few minutes?
A11: Dev | B11: usmg-dev-facets-batch-controller | C11: 60, 62, 65, 64% | D11: 42, 28, 77, 31% | E11: 1,090, 1,105, 1,112, 1,121 | F11: r6i.large | G11: 119–129% | H11: 57–84% (154% in one week) | I11: max 1,121 Mbps (144%) | J11: ❌ Keep r6i.xlarge. Network is over 1 Gbps every week, above what r6i.large can sustain.
A12: Dev | B12: usmg-dst-facets-batch-controller | C12: 35, 35, 60, 69% | D12: 12, 13, 14, 15% | E12: 21, 21, 20, 22 | F12: r6i.large | G12: 70–138% | H12: 24–29% | I12: max 22 Mbps (3%) | J12: ❌ Keep r6i.xlarge. CPU is getting busier (p95 31-32% in the last 2 weeks), with peaks above 100% on 2 vCPU.
... A30: Prod | B30: usmg-rel-facets-task-controller | C30: 39, 61, 32, 45% | D30: 26, 27, 24, 25% | E30: 769, 93, 13, 65 | F30: r6i.large | G30: 64–123% | H30: 47–53% | I30: 769 Mbps in one week only (98%); other weeks 13–93 Mbps | J30: ⚠️ Team decision, r6i.large (~$81/mo). Network peak was one week only, but CPU would reach 90% or more in 2 of 4 weeks, above the 90% prod limit. Ask: can it run slower at peak?
A32: Weekly CPU peaks: highest 5-minute CPU on today's r6i.xlarge (4 vCPU) in each full week, Sep 21 to Oct 18, 2026. 'On that size' scales usage to 2 vCPU and that size's memory (16 GiB r6i.large, 8 GiB m7i-flex.large). For Keep rows, the size checked is r6i.large, the closest 2-vCPU option.
A33: Network limits (sustained baseline): r6i.large about 0.78 Gbps, m7i-flex.large about 0.39 Gbps. 'In one week only' marks a peak more than 1.5x higher than every other week.
A34: Weekly peaks are for the 4 full weeks Sep 21, Sep 28, Oct 5 and Oct 12, 2026, in that order, on today's r6i.xlarge. Memory = 'Memory % Committed Bytes In Use' (CloudWatch agent). Network = busier of in/out.

Sheet All ASGs
A1: Environment | B1: Account | C1: ASG | D1: Current instance type | E1: FinOps target | F1: FinOps claimed ($/mo) | G1: Decision | H1: Move to | I1: Our savings ($/mo, est.)
A2: Dev | B2: usmg-dev (851725216779) | C2: usmg-cdv-facets-batch-controller | D2: r6i.xlarge (4 vCPU, 32 GiB) | E2: m7i-flex.large (2 vCPU, 8 GiB) | F2: 97.03 | G2: Approve | H2: m7i-flex.large (2 vCPU, 8 GiB) | I2: 97
A3: Dev | B3: usmg-dev (851725216779) | C3: usmg-cdv-elements-batch-controller | D3: r6i.xlarge (4 vCPU, 32 GiB) | E3: m7i-flex.large (2 vCPU, 8 GiB) | F3: 94.98 | G3: Approve | H3: m7i-flex.large (2 vCPU, 8 GiB) | I3: 95
A4: Dev | B4: usmg-dev (851725216779) | C4: usmg-dst-elements-batch-controller | D4: r6i.xlarge (4 vCPU, 32 GiB) | E4: m7i-flex.large (2 vCPU, 8 GiB) | F4: 94.39 | G4: Approve | H4: m7i-flex.large (2 vCPU, 8 GiB) | I4: 94
A5: Dev | B5: usmg-dev (851725216779) | C5: usmg-dev-elements-batch-controller | D5: r6i.xlarge (4 vCPU, 32 GiB) | E5: m7i-flex.large (2 vCPU, 8 GiB) | F5: 105.61 | G5: Approve | H5: r6i.large (2 vCPU, 16 GiB) | I5: 93
A6: Dev | B6: usmg-dev (851725216779) | C6: usmg-dev-elements-task-controller | D6: r6i.xlarge (4 vCPU, 32 GiB) | E6: m7i-flex.large (2 vCPU, 8 GiB) | F6: 105.61 | G6: Approve | H6: r6i.large (2 vCPU, 16 GiB) | I6: 93
A7: Dev | B7: usmg-dev (851725216779) | C7: usmg-cdv-elements-task-controller | D7: r6i.xlarge (4 vCPU, 32 GiB) | E7: m7i-flex.large (2 vCPU, 8 GiB) | F7: 103.85 | G7: Approve | H7: r6i.large (2 vCPU, 16 GiB) | I7: 91
A8: Dev | B8: usmg-dev (851725216779) | C8: usmg-dev-facets-task-controller | D8: r6i.xlarge (4 vCPU, 32 GiB) | E8: m7i-flex.large (2 vCPU, 8 GiB) | F8: 103.14 | G8: Approve | H8: r6i.large (2 vCPU, 16 GiB) | I8: 91
A9: Dev | B9: usmg-dev (851725216779) | C9: usmg-cdv-facets-task-controller | D9: r6i.xlarge (4 vCPU, 32 GiB) | E9: m7i-flex.large (2 vCPU, 8 GiB) | F9: 88.31 | G9: Approve | H9: r6i.large (2 vCPU, 16 GiB) | I9: 78
A10: Dev | B10: usmg-dev (851725216779) | C10: usmg-dst-elements-task-controller | D10: r6i.xlarge (4 vCPU, 32 GiB) | E10: r6i.large (2 vCPU, 16 GiB) | F10: 80.59 | G10: Team decision | H10: r6i.large (2 vCPU, 16 GiB) | I10: 81
A11: Dev | B11: usmg-dev (851725216779) | C11: usmg-dev-facets-batch-controller | D11: r6i.xlarge (4 vCPU, 32 GiB) | E11: r8i-flex.large (2 vCPU, 16 GiB) | F11: 72.36 | G11: Keep r6i.xlarge | H11: r6i.xlarge (no change) | I11: 0
A12: Dev | B12: usmg-dev (851725216779) | C12: usmg-dst-facets-batch-controller | D12: r6i.xlarge (4 vCPU, 32 GiB) | E12: m7i-flex.large (2 vCPU, 8 GiB) | F12: 103.4 | G12: Keep r6i.xlarge | H12: r6i.xlarge (no change) | I12: 0
A13: Test | B13: usmg-test (84828583690) | C13: usmg-pvs-elements-task-controller | D13: r6i.xlarge (4 vCPU, 32 GiB) | E13: m7i-flex.large (2 vCPU, 8 GiB) | F13: 81.07 | G13: Approve | H13: r6i.large (2 vCPU, 16 GiB) | I13: 71
... A30: Prod | B30: usmg-prod (971422678837) | C30: usmg-rel-facets-task-controller | D30: r6i.xlarge (4 vCPU, 32 GiB) | E30: r6i.large (2 vCPU, 16 GiB) | F30: 80.98 | G30: Team decision | H30: r6i.large (2 vCPU, 16 GiB) | I30: 81
A31: Total | F31: =SUM(F2:F30) | I31: =SUM(I2:I30)
A33: Savings are estimates per ASG per month. Where 'Move to' matches the FinOps target they are FinOps' own figures; r6i.large instead of m7i-flex.large is about 88% of the FinOps figure, and m7i-flex.large instead of c7i-flex.large about 96%, based on approximate Windows on-demand list prices in us-east-1. FinOps to confirm.

Sheet Spike Check
A1: ASG | B1: Environment | C1: CPU peak wk Sep 21 (%) | D1: CPU peak wk Sep 28 (%) | E1: CPU peak wk Oct 5 (%) | F1: CPU peak wk Oct 12 (%) | G1: Highest peak (%) | H1: Highest peak on 2 vCPU (%) | I1: Pattern | J1: What the weeks show | K1: Decision | L1: Move to | M1: Savings ($/mo, est.)
A2: usmg-dev-elements-task-controller | B2: Dev | C2: 29.9 | D2: 72.9 | E2: 28.1 | F2: 27.4 | G2: =MAX(C2:F2) | H2: =G2*4/2 | I2: One-off | J2: 73% peak in one week only; other weeks 27-30% | K2: Approve | L2: r6i.large | M2: 93
A3: usmg-dst-elements-batch-controller | B3: Dev | C3: 27 | D3: 22.9 | E3: 19.1 | F3: 71.1 | G3: =MAX(C3:F3) | H3: =G3*4/2 | I3: One-off | J3: 71% peak in one week only; other weeks 19-27% | K3: Approve | L3: m7i-flex.large | M3: 94
A4: usmg-dev-facets-task-controller | B4: Dev | C4: 58.1 | D4: 34.3 | E4: 30.9 | F4: 33.7 | G4: =MAX(C4:F4) | H4: =G4*4/2 | I4: One-off | J4: CPU (58%) and network (373 Mbps) peaks both in one week only; other weeks 31-34% | K4: Approve | L4: r6i.large | M4: 91
A5: usmg-rel-elements-batch-controller | B5: Prod | C5: 20.7 | D5: 63.4 | E5: 24.4 | F5: 29.2 | G5: =MAX(C5:F5) | H5: =G5*4/2 | I5: One-off | J5: CPU (63%) and network (225 Mbps) peaks both in one week only; other weeks 21-29% | K5: Approve | L5: r6i.large | M5: 94
A6: usmg-pfx-facets-batch-controller | B6: Prod | C6: 36.3 | D6: 43.9 | E6: 41.6 | F6: 46.8 | G6: =MAX(C6:F6) | H6: =G6*4/2 | I6: Steady, under 100% | J6: Same 36-47% peak every week; 73-94% on 2 vCPU, still under 100%. Watch CPU for 2 weeks after the change | K6: Approve | L6: m7i-flex.large | M6: 106
A7: usmg-dst-elements-task-controller | B7: Dev | C7: 65.6 | D7: 36.8 | E7: 30.4 | F7: 63.4 | G7: =MAX(C7:F7) | H7: =G7*4/2 | I7: Recurring | J7: 63-66% peaks in 2 of 4 weeks; about 130% on 2 vCPU | K7: Team decision | L7: r6i.large | M7: 81
A8: usmg-int-elements-batch-controller | B8: Test | C8: 76.8 | D8: 58.7 | E8: 51.8 | F8: 46.1 | G8: =MAX(C8:F8) | H8: =G8*4/2 | I8: Recurring | J8: Busy every week: peaks 46-77% (92-154% on 2 vCPU), p95 20-22% | K8: Team decision | L8: r6i.large | M8: 57
A9: usmg-pvs-facets-task-controller | B9: Test | C9: 52.4 | D9: 38.8 | E9: 73.3 | F9: 34.6 | G9: =MAX(C9:F9) | H9: =G9*4/2 | I9: Recurring | J9: Peaks 35-73% every week (70-147% on 2 vCPU) | K9: Team decision | L9: r6i.large | M9: 48
A10: usmg-prd-elements-batch-controller | B10: Prod | C10: 25.3 | D10: 27.9 | E10: 67.1 | F10: 24.8 | G10: =MAX(C10:F10) | H10: =G10*4/2 | I10: One-off, prod | J10: CPU (67%) and network (2,142 Mbps) peaks both in the week of Oct 5; other weeks 25-28%. Prod: confirm what ran then | K10: Team decision | L10: r6i.large | M10: 94
A11: usmg-rel-facets-task-controller | B11: Prod | C11: 38.6 | D11: 61.4 | E11: 31.9 | F11: 45.2 | G11: =MAX(C11:F11) | H11: =G11*4/2 | I11: Mixed, prod | J11: Network (769 Mbps) one week only; CPU 45% and 61% in 2 of 4 weeks (90% and 123% on 2 vCPU) | K11: Team decision | L11: r6i.large | M11: 81
A13: Rule: a big peak in only one week is a one-off and safe to downsize. A peak that returns every week or two and goes above 100% on the smaller size (90% in prod) needs the app owner to confirm the job can run slower.
A14: Question for the app owner on team-decision rows: is it OK if this job runs slower for a few minutes? Yes = downsize, No = keep r6i.xlarge.
